timeStamp,elapsed,label,responseCode,responseMessage,threadName,dataType,success,failureMessage,bytes,sentBytes,grpThreads,allThreads,URL,Filename,Latency,Encoding,SampleCount,ErrorCount,Hostname,IdleTime,Connect
1688658273505,429,/static,200,OK,Static 1-2,text,true,,720,158,25,232,http://fargatelb-459321754.us-east-1.elb.amazonaws.com/static,,429,utf-8,1,0,DESKTOP-JMD9GU4,0,220
1688658273487,450,/static,200,OK,Static 1-1,text,true,,720,158,25,232,http://fargatelb-459321754.us-east-1.elb.amazonaws.com/static,,450,utf-8,1,0,DESKTOP-JMD9GU4,0,240
1688658273543,417,/static,200,OK,Static 1-4,text,true,,720,158,26,243,http://fargatelb-459321754.us-east-1.elb.amazonaws.com/static,,417,utf-8,1,0,DESKTOP-JMD9GU4,0,207
1688658273524,438,/static,200,OK,Static 1-3,text,true,,720,158,26,245,http://fargatelb-459321754.us-east-1.elb.amazonaws.com/static,,438,utf-8,1,0,DESKTOP-JMD9GU4,0,216
1688658273580,394,/static,200,OK,Static 1-6,text,true,,720,158,27,251,http://fargatelb-459321754.us-east-1.elb.amazonaws.com/static,,394,utf-8,1,0,DESKTOP-JMD9GU4,0,197
1688658273561,420,/static,200,OK,Static 1-5,text,true,,720,158,27,254,http://fargatelb-459321754.us-east-1.elb.amazonaws.com/static,,420,utf-8,1,0,DESKTOP-JMD9GU4,0,207
1688658273599,427,/static,200,OK,Static 1-7,text,true,,720,158,30,277,http://fargatelb-459321754.us-east-1.elb.amazonaws.com/static,,427,utf-8,1,0,DESKTOP-JMD9GU4,0,212
1688658273618,418,/static,200,OK,Static 1-8,text,true,,720,158,30,278,http://fargatelb-459321754.us-east-1.elb.amazonaws.com/static,,418,utf-8,1,0,DESKTOP-JMD9GU4,0,206
1688658273635,405,/static,200,OK,Static 1-9,text,true,,720,158,30,280,http://fargatelb-459321754.us-east-1.elb.amazonaws.com/static,,405,utf-8,1,0,DESKTOP-JMD9GU4,0,201
1688658273655,406,/static,200,OK,Static 1-10,text,true,,720,158,31,291,http://fargatelb-459321754.us-east-1.elb.amazonaws.com/static,,406,utf-8,1,0,DESKTOP-JMD9GU4,0,200
1688658273673,403,/static,200,OK,Static 1-11,text,true,,720,158,32,300,http://fargatelb-459321754.us-east-1.elb.amazonaws.com/static,,403,utf-8,1,0,DESKTOP-JMD9GU4,0,200
1688658273691,418,/static,200,OK,Static 1-12,text,true,,720,158,34,317,http://fargatelb-459321754.us-east-1.elb.amazonaws.com/static,,418,utf-8,1,0,DESKTOP-JMD9GU4,0,202
1688658273709,413,/static,200,OK,Static 1-13,text,true,,720,158,35,323,http://fargatelb-459321754.us-east-1.elb.amazonaws.com/static,,413,utf-8,1,0,DESKTOP-JMD9GU4,0,206
1688658273729,416,/static,200,OK,Static 1-14,text,true,,720,158,36,335,http://fargatelb-459321754.us-east-1.elb.amazonaws.com/static,,416,utf-8,1,0,DESKTOP-JMD9GU4,0,206
1688658273765,394,/static,200,OK,Static 1-16,text,true,,720,158,37,342,http://fargatelb-459321754.us-east-1.elb.amazonaws.com/static,,394,utf-8,1,0,DESKTOP-JMD9GU4,0,196
1688658273746,427,/static,200,OK,Static 1-15,text,true,,720,158,38,349,http://fargatelb-459321754.us-east-1.elb.amazonaws.com/static,,427,utf-8,1,0,DESKTOP-JMD9GU4,0,213
1688658273784,406,/static,200,OK,Static 1-17,text,true,,720,158,38,357,http://fargatelb-459321754.us-east-1.elb.amazonaws.com/static,,406,utf-8,1,0,DESKTOP-JMD9GU4,0,201
1688658273802,405,/static,200,OK,Static 1-18,text,true,,720,158,39,365,http://fargatelb-459321754.us-east-1.elb.amazonaws.com/static,,405,utf-8,1,0,DESKTOP-JMD9GU4,0,202
1688658273840,401,/static,200,OK,Static 1-20,text,true,,720,158,41,383,http://fargatelb-459321754.us-east-1.elb.amazonaws.com/static,,401,utf-8,1,0,DESKTOP-JMD9GU4,0,196
1688658273820,438,/static,200,OK,Static 1-19,text,true,,720,158,42,390,http://fargatelb-459321754.us-east-1.elb.amazonaws.com/static,,438,utf-8,1,0,DESKTOP-JMD9GU4,0,216
1688658273857,415,/static,200,OK,Static 1-21,text,true,,720,158,43,397,http://fargatelb-459321754.us-east-1.elb.amazonaws.com/static,,415,utf-8,1,0,DESKTOP-JMD9GU4,0,207
1688658273876,415,/static,200,OK,Static 1-22,text,true,,720,158,44,408,http://fargatelb-459321754.us-east-1.elb.amazonaws.com/static,,415,utf-8,1,0,DESKTOP-JMD9GU4,0,207
1688658273894,425,/static,200,OK,Static 1-23,text,true,,720,158,45,421,http://fargatelb-459321754.us-east-1.elb.amazonaws.com/static,,425,utf-8,1,0,DESKTOP-JMD9GU4,0,215
1688658273931,408,/static,200,OK,Static 1-25,text,true,,720,158,47,431,http://fargatelb-459321754.us-east-1.elb.amazonaws.com/static,,408,utf-8,1,0,DESKTOP-JMD9GU4,0,203
1688658273913,431,/static,200,OK,Static 1-24,text,true,,720,158,47,434,http://fargatelb-459321754.us-east-1.elb.amazonaws.com/static,,431,utf-8,1,0,DESKTOP-JMD9GU4,0,208
1688658273969,399,/static,200,OK,Static 1-27,text,true,,720,158,48,445,http://fargatelb-459321754.us-east-1.elb.amazonaws.com/static,,399,utf-8,1,0,DESKTOP-JMD9GU4,0,196
1688658273950,428,/static,200,OK,Static 1-26,text,true,,720,158,49,450,http://fargatelb-459321754.us-east-1.elb.amazonaws.com/static,,428,utf-8,1,0,DESKTOP-JMD9GU4,0,210
1688658273987,408,/static,200,OK,Static 1-28,text,true,,720,158,50,458,http://fargatelb-459321754.us-east-1.elb.amazonaws.com/static,,408,utf-8,1,0,DESKTOP-JMD9GU4,0,201
1688658274005,414,/static,200,OK,Static 1-29,text,true,,720,158,51,470,http://fargatelb-459321754.us-east-1.elb.amazonaws.com/static,,414,utf-8,1,0,DESKTOP-JMD9GU4,0,203
1688658274024,402,/static,200,OK,Static 1-30,text,true,,720,158,51,473,http://fargatelb-459321754.us-east-1.elb.amazonaws.com/static,,402,utf-8,1,0,DESKTOP-JMD9GU4,0,199
1688658274042,413,/static,200,OK,Static 1-31,text,true,,720,158,53,488,http://fargatelb-459321754.us-east-1.elb.amazonaws.com/static,,413,utf-8,1,0,DESKTOP-JMD9GU4,0,205
1688658274061,414,/static,200,OK,Static 1-32,text,true,,720,158,54,498,http://fargatelb-459321754.us-east-1.elb.amazonaws.com/static,,414,utf-8,1,0,DESKTOP-JMD9GU4,0,206
1688658274079,406,/static,200,OK,Static 1-33,text,true,,720,158,54,502,http://fargatelb-459321754.us-east-1.elb.amazonaws.com/static,,406,utf-8,1,0,DESKTOP-JMD9GU4,0,196
1688658274099,414,/static,200,OK,Static 1-34,text,true,,720,158,55,505,http://fargatelb-459321754.us-east-1.elb.amazonaws.com/static,,414,utf-8,1,0,DESKTOP-JMD9GU4,0,201
1688658274117,405,/static,200,OK,Static 1-35,text,true,,720,158,55,505,http://fargatelb-459321754.us-east-1.elb.amazonaws.com/static,,405,utf-8,1,0,DESKTOP-JMD9GU4,0,201
1688658274135,396,/static,200,OK,Static 1-36,text,true,,720,158,55,505,http://fargatelb-459321754.us-east-1.elb.amazonaws.com/static,,396,utf-8,1,0,DESKTOP-JMD9GU4,0,198
1688658274153,412,/static,200,OK,Static 1-37,text,true,,720,158,55,505,http://fargatelb-459321754.us-east-1.elb.amazonaws.com/static,,412,utf-8,1,0,DESKTOP-JMD9GU4,0,204
1688658274172,427,/static,200,OK,Static 1-38,text,true,,720,158,55,505,http://fargatelb-459321754.us-east-1.elb.amazonaws.com/static,,427,utf-8,1,0,DESKTOP-JMD9GU4,0,208
1688658274191,413,/static,200,OK,Static 1-39,text,true,,720,158,55,505,http://fargatelb-459321754.us-east-1.elb.amazonaws.com/static,,413,utf-8,1,0,DESKTOP-JMD9GU4,0,200
1688658274209,425,/static,200,OK,Static 1-40,text,true,,720,158,55,505,http://fargatelb-459321754.us-east-1.elb.amazonaws.com/static,,425,utf-8,1,0,DESKTOP-JMD9GU4,0,212
1688658274247,401,/static,200,OK,Static 1-42,text,true,,720,158,55,505,http://fargatelb-459321754.us-east-1.elb.amazonaws.com/static,,401,utf-8,1,0,DESKTOP-JMD9GU4,0,199
1688658274227,437,/static,200,OK,Static 1-41,text,true,,720,158,55,505,http://fargatelb-459321754.us-east-1.elb.amazonaws.com/static,,437,utf-8,1,0,DESKTOP-JMD9GU4,0,217
1688658274284,403,/static,200,OK,Static 1-44,text,true,,720,158,55,505,http://fargatelb-459321754.us-east-1.elb.amazonaws.com/static,,403,utf-8,1,0,DESKTOP-JMD9GU4,0,201
1688658274265,424,/static,200,OK,Static 1-43,text,true,,720,158,55,505,http://fargatelb-459321754.us-east-1.elb.amazonaws.com/static,,424,utf-8,1,0,DESKTOP-JMD9GU4,0,207
1688658274302,399,/static,200,OK,Static 1-45,text,true,,720,158,55,505,http://fargatelb-459321754.us-east-1.elb.amazonaws.com/static,,399,utf-8,1,0,DESKTOP-JMD9GU4,0,198
1688658274320,406,/static,200,OK,Static 1-46,text,true,,720,158,55,505,http://fargatelb-459321754.us-east-1.elb.amazonaws.com/static,,406,utf-8,1,0,DESKTOP-JMD9GU4,0,202
1688658274339,438,/static,200,OK,Static 1-47,text,true,,720,158,55,505,http://fargatelb-459321754.us-east-1.elb.amazonaws.com/static,,438,utf-8,1,0,DESKTOP-JMD9GU4,0,216
1688658274357,425,/static,200,OK,Static 1-48,text,true,,720,158,55,505,http://fargatelb-459321754.us-east-1.elb.amazonaws.com/static,,425,utf-8,1,0,DESKTOP-JMD9GU4,0,211
1688658274377,415,/static,200,OK,Static 1-49,text,true,,720,158,55,505,http://fargatelb-459321754.us-east-1.elb.amazonaws.com/static,,415,utf-8,1,0,DESKTOP-JMD9GU4,0,197
1688658274413,406,/static,200,OK,Static 1-51,text,true,,720,158,55,505,http://fargatelb-459321754.us-east-1.elb.amazonaws.com/static,,406,utf-8,1,0,DESKTOP-JMD9GU4,0,202
1688658274395,431,/static,200,OK,Static 1-50,text,true,,720,158,55,505,http://fargatelb-459321754.us-east-1.elb.amazonaws.com/static,,431,utf-8,1,0,DESKTOP-JMD9GU4,0,213
1688658274431,427,/static,200,OK,Static 1-52,text,true,,720,158,55,505,http://fargatelb-459321754.us-east-1.elb.amazonaws.com/static,,427,utf-8,1,0,DESKTOP-JMD9GU4,0,212
1688658274470,395,/static,200,OK,Static 1-54,text,true,,720,158,55,505,http://fargatelb-459321754.us-east-1.elb.amazonaws.com/static,,395,utf-8,1,0,DESKTOP-JMD9GU4,0,197
1688658274450,416,/static,200,OK,Static 1-53,text,true,,720,158,55,505,http://fargatelb-459321754.us-east-1.elb.amazonaws.com/static,,416,utf-8,1,0,DESKTOP-JMD9GU4,0,205
1688658274487,413,/static,200,OK,Static 1-55,text,true,,720,158,55,505,http://fargatelb-459321754.us-east-1.elb.amazonaws.com/static,,413,utf-8,1,0,DESKTOP-JMD9GU4,0,205
1688658274145,1645,/index.js,200,OK,Static 1-14,text,true,,161868,160,55,505,http://fargatelb-459321754.us-east-1.elb.amazonaws.com/index.js,,208,ISO-8859-1,1,0,DESKTOP-JMD9GU4,0,0
1688658274038,1755,/index.js,200,OK,Static 1-8,text,true,,161868,160,55,505,http://fargatelb-459321754.us-east-1.elb.amazonaws.com/index.js,,213,ISO-8859-1,1,0,DESKTOP-JMD9GU4,0,0
1688658273939,1956,/index.js,200,OK,Static 1-1,text,true,,161868,160,55,505,http://fargatelb-459321754.us-east-1.elb.amazonaws.com/index.js,,211,ISO-8859-1,1,0,DESKTOP-JMD9GU4,0,0
1688658273960,1965,/index.js,200,OK,Static 1-4,text,true,,161868,160,55,505,http://fargatelb-459321754.us-east-1.elb.amazonaws.com/index.js,,212,ISO-8859-1,1,0,DESKTOP-JMD9GU4,0,0
1688658274026,1913,/index.js,200,OK,Static 1-7,text,true,,161868,160,55,505,http://fargatelb-459321754.us-east-1.elb.amazonaws.com/index.js,,216,ISO-8859-1,1,0,DESKTOP-JMD9GU4,0,0
1688658274272,1934,/index.js,200,OK,Static 1-21,text,true,,161868,160,55,505,http://fargatelb-459321754.us-east-1.elb.amazonaws.com/index.js,,218,ISO-8859-1,1,0,DESKTOP-JMD9GU4,0,0
1688658274040,2166,/index.js,200,OK,Static 1-9,text,true,,161868,160,55,505,http://fargatelb-459321754.us-east-1.elb.amazonaws.com/index.js,,206,ISO-8859-1,1,0,DESKTOP-JMD9GU4,0,0
1688658273962,2248,/index.js,200,OK,Static 1-3,text,true,,161868,160,55,505,http://fargatelb-459321754.us-east-1.elb.amazonaws.com/index.js,,222,ISO-8859-1,1,0,DESKTOP-JMD9GU4,0,0
1688658274207,2037,/index.js,200,OK,Static 1-18,text,true,,161868,160,55,505,http://fargatelb-459321754.us-east-1.elb.amazonaws.com/index.js,,210,ISO-8859-1,1,0,DESKTOP-JMD9GU4,0,0
1688658274242,2161,/index.js,200,OK,Static 1-20,text,true,,161868,160,55,483,http://fargatelb-459321754.us-east-1.elb.amazonaws.com/index.js,,200,ISO-8859-1,1,0,DESKTOP-JMD9GU4,0,0
1688658274292,2121,/index.js,200,OK,Static 1-22,text,true,,161868,160,55,479,http://fargatelb-459321754.us-east-1.elb.amazonaws.com/index.js,,209,ISO-8859-1,1,0,DESKTOP-JMD9GU4,0,0
1688658274173,2249,/index.js,200,OK,Static 1-15,text,true,,161868,160,55,477,http://fargatelb-459321754.us-east-1.elb.amazonaws.com/index.js,,213,ISO-8859-1,1,0,DESKTOP-JMD9GU4,0,0
1688658273934,2501,/index.js,200,OK,Static 1-2,text,true,,161868,160,55,473,http://fargatelb-459321754.us-east-1.elb.amazonaws.com/index.js,,208,ISO-8859-1,1,0,DESKTOP-JMD9GU4,0,0
1688658274368,2230,/index.js,200,OK,Static 1-27,text,true,,161868,160,55,448,http://fargatelb-459321754.us-east-1.elb.amazonaws.com/index.js,,199,ISO-8859-1,1,0,DESKTOP-JMD9GU4,0,0
1688658274485,2114,/index.js,200,OK,Static 1-33,text,true,,161868,160,55,448,http://fargatelb-459321754.us-east-1.elb.amazonaws.com/index.js,,204,ISO-8859-1,1,0,DESKTOP-JMD9GU4,0,0
1688658274190,2505,/index.js,200,OK,Static 1-17,text,true,,161868,160,55,441,http://fargatelb-459321754.us-east-1.elb.amazonaws.com/index.js,,206,ISO-8859-1,1,0,DESKTOP-JMD9GU4,0,0
1688658274061,2677,/index.js,200,OK,Static 1-10,text,true,,161868,160,55,437,http://fargatelb-459321754.us-east-1.elb.amazonaws.com/index.js,,209,ISO-8859-1,1,0,DESKTOP-JMD9GU4,0,0
1688658274634,2155,/index.js,200,OK,Static 1-40,text,true,,161868,160,55,431,http://fargatelb-459321754.us-east-1.elb.amazonaws.com/index.js,,218,ISO-8859-1,1,0,DESKTOP-JMD9GU4,0,0
1688658274455,2577,/index.js,200,OK,Static 1-31,text,true,,161868,160,55,404,http://fargatelb-459321754.us-east-1.elb.amazonaws.com/index.js,,207,ISO-8859-1,1,0,DESKTOP-JMD9GU4,0,0
1688658274826,2370,/index.js,200,OK,Static 1-50,text,true,,161868,160,55,384,http://fargatelb-459321754.us-east-1.elb.amazonaws.com/index.js,,217,ISO-8859-1,1,0,DESKTOP-JMD9GU4,0,0
1688658274258,3069,/index.js,200,OK,Static 1-19,text,true,,161868,160,55,374,http://fargatelb-459321754.us-east-1.elb.amazonaws.com/index.js,,226,ISO-8859-1,1,0,DESKTOP-JMD9GU4,0,0
1688658274076,3305,/index.js,200,OK,Static 1-11,text,true,,161868,160,55,374,http://fargatelb-459321754.us-east-1.elb.amazonaws.com/index.js,,204,ISO-8859-1,1,0,DESKTOP-JMD9GU4,0,0
1688658274122,3575,/index.js,200,OK,Static 1-13,text,true,,161868,160,55,362,http://fargatelb-459321754.us-east-1.elb.amazonaws.com/index.js,,208,ISO-8859-1,1,0,DESKTOP-JMD9GU4,0,0
1688658274865,2850,/index.js,200,OK,Static 1-54,text,true,,161868,160,55,362,http://fargatelb-459321754.us-east-1.elb.amazonaws.com/index.js,,197,ISO-8859-1,1,0,DESKTOP-JMD9GU4,0,0
1688658274344,3396,/index.js,200,OK,Static 1-24,text,true,,161868,160,55,361,http://fargatelb-459321754.us-east-1.elb.amazonaws.com/index.js,,218,ISO-8859-1,1,0,DESKTOP-JMD9GU4,0,0
1688658273974,3930,/index.js,200,OK,Static 1-6,text,true,,161868,160,55,359,http://fargatelb-459321754.us-east-1.elb.amazonaws.com/index.js,,200,ISO-8859-1,1,0,DESKTOP-JMD9GU4,0,0
1688658274109,4170,/index.js,200,OK,Static 1-12,text,true,,161868,160,55,358,http://fargatelb-459321754.us-east-1.elb.amazonaws.com/index.js,,219,ISO-8859-1,1,0,DESKTOP-JMD9GU4,0,0
1688658274648,3641,/index.js,200,OK,Static 1-42,text,true,,161868,160,55,358,http://fargatelb-459321754.us-east-1.elb.amazonaws.com/index.js,,206,ISO-8859-1,1,0,DESKTOP-JMD9GU4,0,0
1688658274319,5141,/index.js,200,OK,Static 1-23,text,true,,161868,160,55,356,http://fargatelb-459321754.us-east-1.elb.amazonaws.com/index.js,,208,ISO-8859-1,1,0,DESKTOP-JMD9GU4,0,0
1688658274475,5505,/index.js,200,OK,Static 1-32,text,true,,161868,160,55,356,http://fargatelb-459321754.us-east-1.elb.amazonaws.com/index.js,,212,ISO-8859-1,1,0,DESKTOP-JMD9GU4,0,0
1688658274664,5462,/index.js,200,OK,Static 1-41,text,true,,161868,160,55,356,http://fargatelb-459321754.us-east-1.elb.amazonaws.com/index.js,,221,ISO-8859-1,1,0,DESKTOP-JMD9GU4,0,0
1688658274565,5573,/index.js,200,OK,Static 1-37,text,true,,161868,160,55,356,http://fargatelb-459321754.us-east-1.elb.amazonaws.com/index.js,,208,ISO-8859-1,1,0,DESKTOP-JMD9GU4,0,0
1688658274604,6629,/index.js,200,OK,Static 1-39,text,true,,161868,160,55,356,http://fargatelb-459321754.us-east-1.elb.amazonaws.com/index.js,,203,ISO-8859-1,1,0,DESKTOP-JMD9GU4,0,0
1688658274782,6853,/index.js,200,OK,Static 1-48,text,true,,161868,160,55,356,http://fargatelb-459321754.us-east-1.elb.amazonaws.com/index.js,,217,ISO-8859-1,1,0,DESKTOP-JMD9GU4,0,0
1688658274159,7711,/index.js,200,OK,Static 1-16,text,true,,161868,160,55,356,http://fargatelb-459321754.us-east-1.elb.amazonaws.com/index.js,,203,ISO-8859-1,1,0,DESKTOP-JMD9GU4,0,0
1688658274531,7368,/index.js,200,OK,Static 1-36,text,true,,161868,160,55,356,http://fargatelb-459321754.us-east-1.elb.amazonaws.com/index.js,,204,ISO-8859-1,1,0,DESKTOP-JMD9GU4,0,0
1688658274687,8333,/index.js,200,OK,Static 1-44,text,true,,161868,160,55,355,http://fargatelb-459321754.us-east-1.elb.amazonaws.com/index.js,,201,ISO-8859-1,1,0,DESKTOP-JMD9GU4,0,0
1688658274513,8954,/index.js,200,OK,Static 1-34,text,true,,161868,160,55,355,http://fargatelb-459321754.us-east-1.elb.amazonaws.com/index.js,,210,ISO-8859-1,1,0,DESKTOP-JMD9GU4,0,0
1688658276413,7636,/index.css,200,OK,Static 1-22,text,true,,195718,161,55,355,http://fargatelb-459321754.us-east-1.elb.amazonaws.com/index.css,,218,ISO-8859-1,1,0,DESKTOP-JMD9GU4,0,0
1688658273981,10086,/index.js,200,OK,Static 1-5,text,true,,161868,160,55,355,http://fargatelb-459321754.us-east-1.elb.amazonaws.com/index.js,,236,ISO-8859-1,1,0,DESKTOP-JMD9GU4,0,0
1688658274777,11491,/index.js,200,OK,Static 1-47,text,true,,161868,160,55,354,http://fargatelb-459321754.us-east-1.elb.amazonaws.com/index.js,,219,ISO-8859-1,1,0,DESKTOP-JMD9GU4,0,0
1688658277032,9788,/index.css,200,OK,Static 1-31,text,true,,195718,161,55,354,http://fargatelb-459321754.us-east-1.elb.amazonaws.com/index.css,,208,ISO-8859-1,1,0,DESKTOP-JMD9GU4,0,0
1688658274689,13433,/index.js,200,OK,Static 1-43,text,true,,161868,160,55,354,http://fargatelb-459321754.us-east-1.elb.amazonaws.com/index.js,,213,ISO-8859-1,1,0,DESKTOP-JMD9GU4,0,0
1688658274858,13301,/index.js,200,OK,Static 1-52,text,true,,161868,160,55,354,http://fargatelb-459321754.us-east-1.elb.amazonaws.com/index.js,,216,ISO-8859-1,1,0,DESKTOP-JMD9GU4,0,0
1688658274900,13466,/index.js,200,OK,Static 1-55,text,true,,161868,160,55,354,http://fargatelb-459321754.us-east-1.elb.amazonaws.com/index.js,,209,ISO-8859-1,1,0,DESKTOP-JMD9GU4,0,0
1688658274339,14134,/index.js,200,OK,Static 1-25,text,true,,161868,160,55,354,http://fargatelb-459321754.us-east-1.elb.amazonaws.com/index.js,,203,ISO-8859-1,1,0,DESKTOP-JMD9GU4,0,0
1688658274701,13825,/index.js,200,OK,Static 1-45,text,true,,161868,160,55,354,http://fargatelb-459321754.us-east-1.elb.amazonaws.com/index.js,,204,ISO-8859-1,1,0,DESKTOP-JMD9GU4,0,0
1688658274599,14196,/index.js,200,OK,Static 1-38,text,true,,161868,160,55,354,http://fargatelb-459321754.us-east-1.elb.amazonaws.com/index.js,,212,ISO-8859-1,1,0,DESKTOP-JMD9GU4,0,0
1688658274792,14898,/index.js,200,OK,Static 1-49,text,true,,161868,160,55,354,http://fargatelb-459321754.us-east-1.elb.amazonaws.com/index.js,,200,ISO-8859-1,1,0,DESKTOP-JMD9GU4,0,0
1688658281871,9120,/index.css,200,OK,Static 1-16,text,true,,195718,161,55,353,http://fargatelb-459321754.us-east-1.elb.amazonaws.com/index.css,,590,ISO-8859-1,1,0,DESKTOP-JMD9GU4,0,0
1688658275925,15097,/index.css,200,OK,Static 1-4,text,true,,195718,161,55,353,http://fargatelb-459321754.us-east-1.elb.amazonaws.com/index.css,,281,ISO-8859-1,1,0,DESKTOP-JMD9GU4,0,0
1688658274726,16428,/index.js,200,OK,Static 1-46,text,true,,161868,160,55,353,http://fargatelb-459321754.us-east-1.elb.amazonaws.com/index.js,,203,ISO-8859-1,1,0,DESKTOP-JMD9GU4,0,0
1688658274819,16486,/index.js,200,OK,Static 1-51,text,true,,161868,160,55,353,http://fargatelb-459321754.us-east-1.elb.amazonaws.com/index.js,,206,ISO-8859-1,1,0,DESKTOP-JMD9GU4,0,0
1688658275895,15760,/index.css,200,OK,Static 1-1,text,true,,195718,161,55,353,http://fargatelb-459321754.us-east-1.elb.amazonaws.com/index.css,,416,ISO-8859-1,1,0,DESKTOP-JMD9GU4,0,0
1688658277715,14270,/index.css,200,OK,Static 1-54,text,true,,195718,161,55,353,http://fargatelb-459321754.us-east-1.elb.amazonaws.com/index.css,,199,ISO-8859-1,1,0,DESKTOP-JMD9GU4,0,0
1688658276210,15897,/index.css,200,OK,Static 1-3,text,true,,195718,161,55,353,http://fargatelb-459321754.us-east-1.elb.amazonaws.com/index.css,,221,ISO-8859-1,1,0,DESKTOP-JMD9GU4,0,0
1688658274395,17759,/index.js,200,OK,Static 1-28,text,true,,161868,160,55,353,http://fargatelb-459321754.us-east-1.elb.amazonaws.com/index.js,,212,ISO-8859-1,1,0,DESKTOP-JMD9GU4,0,0
1688658276599,17368,/index.css,200,OK,Static 1-33,text,true,,195718,161,55,351,http://fargatelb-459321754.us-east-1.elb.amazonaws.com/index.css,,198,ISO-8859-1,1,0,DESKTOP-JMD9GU4,0,0
1688658279981,14391,/index.css,200,OK,Static 1-32,text,true,,195718,161,55,351,http://fargatelb-459321754.us-east-1.elb.amazonaws.com/index.css,,714,ISO-8859-1,1,0,DESKTOP-JMD9GU4,0,0
1688658274426,20213,/index.js,200,OK,Static 1-30,text,true,,161868,160,55,351,http://fargatelb-459321754.us-east-1.elb.amazonaws.com/index.js,,204,ISO-8859-1,1,0,DESKTOP-JMD9GU4,0,0
1688658277697,17173,/index.css,200,OK,Static 1-13,text,true,,195718,161,55,351,http://fargatelb-459321754.us-east-1.elb.amazonaws.com/index.css,,208,ISO-8859-1,1,0,DESKTOP-JMD9GU4,0,0
1688658274866,20016,/index.js,200,OK,Static 1-53,text,true,,161868,160,55,351,http://fargatelb-459321754.us-east-1.elb.amazonaws.com/index.js,,210,ISO-8859-1,1,0,DESKTOP-JMD9GU4,0,0
1688658276422,18851,/index.css,200,OK,Static 1-15,text,true,,195718,161,55,351,http://fargatelb-459321754.us-east-1.elb.amazonaws.com/index.css,,222,ISO-8859-1,1,0,DESKTOP-JMD9GU4,0,0
1688658276435,19050,/index.css,200,OK,Static 1-2,text,true,,195718,161,55,351,http://fargatelb-459321754.us-east-1.elb.amazonaws.com/index.css,,1392,ISO-8859-1,1,0,DESKTOP-JMD9GU4,0,0
1688658277196,18921,/index.css,200,OK,Static 1-50,text,true,,195718,161,55,350,http://fargatelb-459321754.us-east-1.elb.amazonaws.com/index.css,,215,ISO-8859-1,1,0,DESKTOP-JMD9GU4,0,0
1688658280127,19136,/index.css,200,OK,Static 1-41,text,true,,195718,161,55,349,http://fargatelb-459321754.us-east-1.elb.amazonaws.com/index.css,,932,ISO-8859-1,1,0,DESKTOP-JMD9GU4,0,0
1688658277904,21512,/index.css,200,OK,Static 1-6,text,true,,195718,161,55,349,http://fargatelb-459321754.us-east-1.elb.amazonaws.com/index.css,,1667,ISO-8859-1,1,0,DESKTOP-JMD9GU4,0,0
1688658276598,23286,/index.css,200,OK,Static 1-27,text,true,,195718,161,55,349,http://fargatelb-459321754.us-east-1.elb.amazonaws.com/index.css,,394,ISO-8859-1,1,0,DESKTOP-JMD9GU4,0,0
1688658284068,16322,/index.css,200,OK,Static 1-5,text,true,,195718,161,55,348,http://fargatelb-459321754.us-east-1.elb.amazonaws.com/index.css,,473,ISO-8859-1,1,0,DESKTOP-JMD9GU4,0,0
1688658278279,23390,/index.css,200,OK,Static 1-12,text,true,,195718,161,55,346,http://fargatelb-459321754.us-east-1.elb.amazonaws.com/index.css,,405,ISO-8859-1,1,0,DESKTOP-JMD9GU4,0,0
1688658288367,14953,/index.css,200,OK,Static 1-55,text,true,,195718,161,55,345,http://fargatelb-459321754.us-east-1.elb.amazonaws.com/index.css,,932,ISO-8859-1,1,0,DESKTOP-JMD9GU4,0,0
1688658277740,25846,/index.css,200,OK,Static 1-24,text,true,,195718,161,55,345,http://fargatelb-459321754.us-east-1.elb.amazonaws.com/index.css,,213,ISO-8859-1,1,0,DESKTOP-JMD9GU4,0,0
1688658276206,28709,/index.css,200,OK,Static 1-9,text,true,,195718,161,55,342,http://fargatelb-459321754.us-east-1.elb.amazonaws.com/index.css,,204,ISO-8859-1,1,0,DESKTOP-JMD9GU4,0,0
1688658283469,21901,/index.css,200,OK,Static 1-34,text,true,,195718,161,55,341,http://fargatelb-459321754.us-east-1.elb.amazonaws.com/index.css,,467,ISO-8859-1,1,0,DESKTOP-JMD9GU4,0,0
1688658286270,21594,/index.css,200,OK,Static 1-47,text,true,,195718,161,55,336,http://fargatelb-459321754.us-east-1.elb.amazonaws.com/index.css,,1312,ISO-8859-1,1,0,DESKTOP-JMD9GU4,0,0
1688658281900,26277,/index.css,200,OK,Static 1-36,text,true,,195718,161,55,335,http://fargatelb-459321754.us-east-1.elb.amazonaws.com/index.css,,458,ISO-8859-1,1,0,DESKTOP-JMD9GU4,0,0
1688658288123,20195,/index.css,200,OK,Static 1-43,text,true,,195718,161,55,335,http://fargatelb-459321754.us-east-1.elb.amazonaws.com/index.css,,211,ISO-8859-1,1,0,DESKTOP-JMD9GU4,0,0
1688658288474,21222,/index.css,200,OK,Static 1-25,text,true,,195718,161,55,333,http://fargatelb-459321754.us-east-1.elb.amazonaws.com/index.css,,404,ISO-8859-1,1,0,DESKTOP-JMD9GU4,0,0
1688658274419,35426,/index.js,200,OK,Static 1-29,text,true,,161868,160,55,332,http://fargatelb-459321754.us-east-1.elb.amazonaws.com/index.js,,208,ISO-8859-1,1,0,DESKTOP-JMD9GU4,0,0
1688658283021,26943,/index.css,200,OK,Static 1-44,text,true,,195718,161,55,332,http://fargatelb-459321754.us-east-1.elb.amazonaws.com/index.css,,699,ISO-8859-1,1,0,DESKTOP-JMD9GU4,0,0
1688658294883,16079,/index.css,200,OK,Static 1-53,text,true,,195718,161,55,328,http://fargatelb-459321754.us-east-1.elb.amazonaws.com/index.css,,692,ISO-8859-1,1,0,DESKTOP-JMD9GU4,0,0
1688658292108,19999,/image3.jpg,200,OK,Static 1-3,bin,true,,345780,162,55,323,http://fargatelb-459321754.us-east-1.elb.amazonaws.com/image3.jpg,,727,ISO-8859-1,1,0,DESKTOP-JMD9GU4,0,0
1688658274378,38052,/index.js,200,OK,Static 1-26,text,true,,161868,160,55,323,http://fargatelb-459321754.us-east-1.elb.amazonaws.com/index.js,,217,ISO-8859-1,1,0,DESKTOP-JMD9GU4,0,0
1688658288796,23810,/index.css,200,OK,Static 1-38,text,true,,195718,161,55,323,http://fargatelb-459321754.us-east-1.elb.amazonaws.com/index.css,,2011,ISO-8859-1,1,0,DESKTOP-JMD9GU4,0,0
1688658276403,37550,/index.css,200,OK,Static 1-20,text,true,,195718,161,55,320,http://fargatelb-459321754.us-east-1.elb.amazonaws.com/index.css,,199,ISO-8859-1,1,0,DESKTOP-JMD9GU4,0,0
1688658281234,33967,/index.css,200,OK,Static 1-39,text,true,,195718,161,55,314,http://fargatelb-459321754.us-east-1.elb.amazonaws.com/index.css,,409,ISO-8859-1,1,0,DESKTOP-JMD9GU4,0,0
1688658284050,31271,/image3.jpg,200,OK,Static 1-22,bin,true,,345780,162,55,313,http://fargatelb-459321754.us-east-1.elb.amazonaws.com/image3.jpg,,416,ISO-8859-1,1,0,DESKTOP-JMD9GU4,0,0
1688658291155,24239,/index.css,200,OK,Static 1-46,text,true,,195718,161,55,312,http://fargatelb-459321754.us-east-1.elb.amazonaws.com/index.css,,204,ISO-8859-1,1,0,DESKTOP-JMD9GU4,0,0
1688658312107,3898,/image2.jpg,200,OK,Static 1-3,bin,true,,66817,162,55,307,http://fargatelb-459321754.us-east-1.elb.amazonaws.com/image2.jpg,,435,ISO-8859-1,1,0,DESKTOP-JMD9GU4,0,0
1688658291656,24670,/image3.jpg,200,OK,Static 1-1,bin,true,,345780,162,55,307,http://fargatelb-459321754.us-east-1.elb.amazonaws.com/image3.jpg,,212,ISO-8859-1,1,0,DESKTOP-JMD9GU4,0,0
1688658277381,39765,/index.css,200,OK,Static 1-11,text,true,,195718,161,55,302,http://fargatelb-459321754.us-east-1.elb.amazonaws.com/index.css,,202,ISO-8859-1,1,0,DESKTOP-JMD9GU4,0,0
1688658294372,22952,/image3.jpg,200,OK,Static 1-32,bin,true,,345780,162,55,302,http://fargatelb-459321754.us-east-1.elb.amazonaws.com/image3.jpg,,415,ISO-8859-1,1,0,DESKTOP-JMD9GU4,0,0
1688658290991,27074,/image3.jpg,200,OK,Static 1-16,bin,true,,345780,162,55,298,http://fargatelb-459321754.us-east-1.elb.amazonaws.com/image3.jpg,,1569,ISO-8859-1,1,0,DESKTOP-JMD9GU4,0,0
1688658286822,31393,/image3.jpg,200,OK,Static 1-31,bin,true,,345780,162,55,297,http://fargatelb-459321754.us-east-1.elb.amazonaws.com/image3.jpg,,1565,ISO-8859-1,1,0,DESKTOP-JMD9GU4,0,0
1688658276695,41645,/index.css,200,OK,Static 1-17,text,true,,195718,161,55,297,http://fargatelb-459321754.us-east-1.elb.amazonaws.com/index.css,,202,ISO-8859-1,1,0,DESKTOP-JMD9GU4,0,0
1688658295486,22928,/image3.jpg,200,OK,Static 1-2,bin,true,,345780,162,55,296,http://fargatelb-459321754.us-east-1.elb.amazonaws.com/image3.jpg,,208,ISO-8859-1,1,0,DESKTOP-JMD9GU4,0,0
1688658288527,30084,/index.css,200,OK,Static 1-45,text,true,,195718,161,55,294,http://fargatelb-459321754.us-east-1.elb.amazonaws.com/index.css,,401,ISO-8859-1,1,0,DESKTOP-JMD9GU4,0,0
1688658315321,3395,/image2.jpg,200,OK,Static 1-22,bin,true,,66817,162,55,294,http://fargatelb-459321754.us-east-1.elb.amazonaws.com/image2.jpg,,682,ISO-8859-1,1,0,DESKTOP-JMD9GU4,0,0
1688658276244,42681,/index.css,200,OK,Static 1-18,text,true,,195718,161,55,291,http://fargatelb-459321754.us-east-1.elb.amazonaws.com/index.css,,203,ISO-8859-1,1,0,DESKTOP-JMD9GU4,0,0
1688658292155,27111,/index.css,200,OK,Static 1-28,text,true,,195718,161,55,291,http://fargatelb-459321754.us-east-1.elb.amazonaws.com/index.css,,1346,ISO-8859-1,1,0,DESKTOP-JMD9GU4,0,0
1688658289691,30176,/index.css,200,OK,Static 1-49,text,true,,195718,161,55,290,http://fargatelb-459321754.us-east-1.elb.amazonaws.com/index.css,,596,ISO-8859-1,1,0,DESKTOP-JMD9GU4,0,0
1688658276738,43222,/index.css,200,OK,Static 1-10,text,true,,195718,161,55,290,http://fargatelb-459321754.us-east-1.elb.amazonaws.com/index.css,,710,ISO-8859-1,1,0,DESKTOP-JMD9GU4,0,0
1688658291306,28841,/index.css,200,OK,Static 1-51,text,true,,195718,161,55,290,http://fargatelb-459321754.us-east-1.elb.amazonaws.com/index.css,,710,ISO-8859-1,1,0,DESKTOP-JMD9GU4,0,0
1688658316004,4441,/image1.jpg,200,OK,Static 1-3,bin,true,,72406,162,55,289,http://fargatelb-459321754.us-east-1.elb.amazonaws.com/image1.jpg,,942,ISO-8859-1,1,0,DESKTOP-JMD9GU4,0,0
1688658288160,32581,/index.css,200,OK,Static 1-52,text,true,,195718,161,54,288,http://fargatelb-459321754.us-east-1.elb.amazonaws.com/index.css,,1292,ISO-8859-1,1,0,DESKTOP-JMD9GU4,0,0
1688658318413,2518,/image2.jpg,200,OK,Static 1-2,bin,true,,66817,162,54,287,http://fargatelb-459321754.us-east-1.elb.amazonaws.com/image2.jpg,,209,ISO-8859-1,1,0,DESKTOP-JMD9GU4,0,0
1688658318214,2924,/image2.jpg,200,OK,Static 1-31,bin,true,,66817,162,54,286,http://fargatelb-459321754.us-east-1.elb.amazonaws.com/image2.jpg,,412,ISO-8859-1,1,0,DESKTOP-JMD9GU4,0,0
1688658281636,39723,/index.css,200,OK,Static 1-48,text,true,,195718,161,54,286,http://fargatelb-459321754.us-east-1.elb.amazonaws.com/index.css,,214,ISO-8859-1,1,0,DESKTOP-JMD9GU4,0,0
1688658316325,5154,/image2.jpg,200,OK,Static 1-1,bin,true,,66817,162,54,285,http://fargatelb-459321754.us-east-1.elb.amazonaws.com/image2.jpg,,423,ISO-8859-1,1,0,DESKTOP-JMD9GU4,0,0
1688658317323,4219,/image2.jpg,200,OK,Static 1-32,bin,true,,66817,162,54,284,http://fargatelb-459321754.us-east-1.elb.amazonaws.com/image2.jpg,,618,ISO-8859-1,1,0,DESKTOP-JMD9GU4,0,0
1688658299417,22840,/image3.jpg,200,OK,Static 1-6,bin,true,,345780,162,54,279,http://fargatelb-459321754.us-east-1.elb.amazonaws.com/image3.jpg,,704,ISO-8859-1,1,0,DESKTOP-JMD9GU4,0,0
1688658296118,26152,/image3.jpg,200,OK,Static 1-50,bin,true,,345780,162,54,279,http://fargatelb-459321754.us-east-1.elb.amazonaws.com/image3.jpg,,217,ISO-8859-1,1,0,DESKTOP-JMD9GU4,0,0
1688658318064,4251,/image2.jpg,200,OK,Static 1-16,bin,true,,66817,162,54,279,http://fargatelb-459321754.us-east-1.elb.amazonaws.com/image2.jpg,,392,ISO-8859-1,1,0,DESKTOP-JMD9GU4,0,0
1688658320931,2012,/image1.jpg,200,OK,Static 1-2,bin,true,,72406,162,54,275,http://fargatelb-459321754.us-east-1.elb.amazonaws.com/image1.jpg,,416,ISO-8859-1,1,0,DESKTOP-JMD9GU4,0,0
1688658291986,30959,/image3.jpg,200,OK,Static 1-54,bin,true,,345780,162,54,275,http://fargatelb-459321754.us-east-1.elb.amazonaws.com/image3.jpg,,2465,ISO-8859-1,1,0,DESKTOP-JMD9GU4,0,0
1688658318717,4728,/image1.jpg,200,OK,Static 1-22,bin,true,,72406,162,53,263,http://fargatelb-459321754.us-east-1.elb.amazonaws.com/image1.jpg,,413,ISO-8859-1,1,0,DESKTOP-JMD9GU4,0,0
1688658322315,1995,/image1.jpg,200,OK,Static 1-16,bin,true,,72406,162,52,258,http://fargatelb-459321754.us-east-1.elb.amazonaws.com/image1.jpg,,200,ISO-8859-1,1,0,DESKTOP-JMD9GU4,0,0
1688658293968,30405,/image3.jpg,200,OK,Static 1-33,bin,true,,345780,162,51,256,http://fargatelb-459321754.us-east-1.elb.amazonaws.com/image3.jpg,,396,ISO-8859-1,1,0,DESKTOP-JMD9GU4,0,0
1688658322256,2179,/image2.jpg,200,OK,Static 1-6,bin,true,,66817,162,51,256,http://fargatelb-459321754.us-east-1.elb.amazonaws.com/image2.jpg,,396,ISO-8859-1,1,0,DESKTOP-JMD9GU4,0,0
1688658303319,21541,/image3.jpg,200,OK,Static 1-55,bin,true,,345780,162,51,253,http://fargatelb-459321754.us-east-1.elb.amazonaws.com/image3.jpg,,4060,ISO-8859-1,1,0,DESKTOP-JMD9GU4,0,0
1688658312431,12927,/index.css,200,OK,Static 1-26,text,true,,195718,161,51,243,http://fargatelb-459321754.us-east-1.elb.amazonaws.com/index.css,,212,ISO-8859-1,1,0,DESKTOP-JMD9GU4,0,0
1688658321542,3864,/image1.jpg,200,OK,Static 1-32,bin,true,,72406,162,51,243,http://fargatelb-459321754.us-east-1.elb.amazonaws.com/image1.jpg,,901,ISO-8859-1,1,0,DESKTOP-JMD9GU4,0,0
1688658300389,25161,/image3.jpg,200,OK,Static 1-5,bin,true,,345780,162,50,240,http://fargatelb-459321754.us-east-1.elb.amazonaws.com/image3.jpg,,717,ISO-8859-1,1,0,DESKTOP-JMD9GU4,0,0
1688658294871,30909,/image3.jpg,200,OK,Static 1-13,bin,true,,345780,162,50,240,http://fargatelb-459321754.us-east-1.elb.amazonaws.com/image3.jpg,,715,ISO-8859-1,1,0,DESKTOP-JMD9GU4,0,0
1688658322269,3555,/image2.jpg,200,OK,Static 1-50,bin,true,,66817,162,50,240,http://fargatelb-459321754.us-east-1.elb.amazonaws.com/image2.jpg,,433,ISO-8859-1,1,0,DESKTOP-JMD9GU4,0,0
1688658324435,1761,/image1.jpg,200,OK,Static 1-6,bin,true,,72406,162,50,231,http://fargatelb-459321754.us-east-1.elb.amazonaws.com/image1.jpg,,393,ISO-8859-1,1,0,DESKTOP-JMD9GU4,0,0
1688658294640,31759,/index.css,200,OK,Static 1-30,text,true,,195718,161,49,228,http://fargatelb-459321754.us-east-1.elb.amazonaws.com/index.css,,411,ISO-8859-1,1,0,DESKTOP-JMD9GU4,0,0
1688658321138,5660,/image1.jpg,200,OK,Static 1-31,bin,true,,72406,162,49,225,http://fargatelb-459321754.us-east-1.elb.amazonaws.com/image1.jpg,,834,ISO-8859-1,1,0,DESKTOP-JMD9GU4,0,0
1688658322944,4119,/image2.jpg,200,OK,Static 1-54,bin,true,,66817,162,48,222,http://fargatelb-459321754.us-east-1.elb.amazonaws.com/image2.jpg,,200,ISO-8859-1,1,0,DESKTOP-JMD9GU4,0,0
1688658321479,6331,/image1.jpg,200,OK,Static 1-1,bin,true,,72406,162,48,216,http://fargatelb-459321754.us-east-1.elb.amazonaws.com/image1.jpg,,622,ISO-8859-1,1,0,DESKTOP-JMD9GU4,0,0
1688658324861,3027,/image2.jpg,200,OK,Static 1-55,bin,true,,66817,162,47,214,http://fargatelb-459321754.us-east-1.elb.amazonaws.com/image2.jpg,,414,ISO-8859-1,1,0,DESKTOP-JMD9GU4,0,0
1688658299263,29053,/image3.jpg,200,OK,Static 1-41,bin,true,,345780,162,47,211,http://fargatelb-459321754.us-east-1.elb.amazonaws.com/image3.jpg,,435,ISO-8859-1,1,0,DESKTOP-JMD9GU4,0,0
1688658309846,18860,/index.css,200,OK,Static 1-29,text,true,,195718,161,47,209,http://fargatelb-459321754.us-east-1.elb.amazonaws.com/index.css,,205,ISO-8859-1,1,0,DESKTOP-JMD9GU4,0,0
1688658325780,3977,/image2.jpg,200,OK,Static 1-13,bin,true,,66817,162,47,197,http://fargatelb-459321754.us-east-1.elb.amazonaws.com/image2.jpg,,456,ISO-8859-1,1,0,DESKTOP-JMD9GU4,0,0
1688658324384,5397,/image2.jpg,200,OK,Static 1-33,bin,true,,66817,162,47,197,http://fargatelb-459321754.us-east-1.elb.amazonaws.com/image2.jpg,,589,ISO-8859-1,1,0,DESKTOP-JMD9GU4,0,0
1688658313954,15870,/image3.jpg,200,OK,Static 1-20,bin,true,,345780,162,47,195,http://fargatelb-459321754.us-east-1.elb.amazonaws.com/image3.jpg,,395,ISO-8859-1,1,0,DESKTOP-JMD9GU4,0,0
1688658307863,22143,/image3.jpg,200,OK,Static 1-47,bin,true,,345780,162,47,190,http://fargatelb-459321754.us-east-1.elb.amazonaws.com/image3.jpg,,435,ISO-8859-1,1,0,DESKTOP-JMD9GU4,0,0
1688658308176,21856,/image3.jpg,200,OK,Static 1-36,bin,true,,345780,162,47,190,http://fargatelb-459321754.us-east-1.elb.amazonaws.com/image3.jpg,,793,ISO-8859-1,1,0,DESKTOP-JMD9GU4,0,0
1688658291023,39076,/image3.jpg,200,OK,Static 1-4,bin,true,,345780,162,47,186,http://fargatelb-459321754.us-east-1.elb.amazonaws.com/image3.jpg,,1994,ISO-8859-1,1,0,DESKTOP-JMD9GU4,0,0
1688658325825,4843,/image1.jpg,200,OK,Static 1-50,bin,true,,72406,162,47,182,http://fargatelb-459321754.us-east-1.elb.amazonaws.com/image1.jpg,,479,ISO-8859-1,1,0,DESKTOP-JMD9GU4,0,0
1688658327064,3952,/image1.jpg,200,OK,Static 1-54,bin,true,,72406,162,46,175,http://fargatelb-459321754.us-east-1.elb.amazonaws.com/image1.jpg,,588,ISO-8859-1,1,0,DESKTOP-JMD9GU4,0,0
1688658327888,3237,/image1.jpg,200,OK,Static 1-55,bin,true,,72406,162,45,169,http://fargatelb-459321754.us-east-1.elb.amazonaws.com/image1.jpg,,209,ISO-8859-1,1,0,DESKTOP-JMD9GU4,0,0
1688658329781,2091,/image1.jpg,200,OK,Static 1-33,bin,true,,72406,162,44,161,http://fargatelb-459321754.us-east-1.elb.amazonaws.com/image1.jpg,,421,ISO-8859-1,1,0,DESKTOP-JMD9GU4,0,0
1688658329823,2264,/image2.jpg,200,OK,Static 1-20,bin,true,,66817,162,43,158,http://fargatelb-459321754.us-east-1.elb.amazonaws.com/image2.jpg,,198,ISO-8859-1,1,0,DESKTOP-JMD9GU4,0,0
1688658295274,37128,/image3.jpg,200,OK,Static 1-15,bin,true,,345780,162,43,154,http://fargatelb-459321754.us-east-1.elb.amazonaws.com/image3.jpg,,2460,ISO-8859-1,1,0,DESKTOP-JMD9GU4,0,0
1688658309965,22709,/image3.jpg,200,OK,Static 1-44,bin,true,,345780,162,43,150,http://fargatelb-459321754.us-east-1.elb.amazonaws.com/image3.jpg,,1241,ISO-8859-1,1,0,DESKTOP-JMD9GU4,0,0
1688658308317,24436,/image3.jpg,200,OK,Static 1-43,bin,true,,345780,162,43,150,http://fargatelb-459321754.us-east-1.elb.amazonaws.com/image3.jpg,,420,ISO-8859-1,1,0,DESKTOP-JMD9GU4,0,0
1688658328316,4502,/image2.jpg,200,OK,Static 1-41,bin,true,,66817,162,43,149,http://fargatelb-459321754.us-east-1.elb.amazonaws.com/image2.jpg,,750,ISO-8859-1,1,0,DESKTOP-JMD9GU4,0,0
1688658325551,7270,/image2.jpg,200,OK,Static 1-5,bin,true,,66817,162,43,149,http://fargatelb-459321754.us-east-1.elb.amazonaws.com/image2.jpg,,1556,ISO-8859-1,1,0,DESKTOP-JMD9GU4,0,0
1688658305369,27476,/image3.jpg,200,OK,Static 1-34,bin,true,,345780,162,43,149,http://fargatelb-459321754.us-east-1.elb.amazonaws.com/image3.jpg,,604,ISO-8859-1,1,0,DESKTOP-JMD9GU4,0,0
1688658330032,3064,/image2.jpg,200,OK,Static 1-36,bin,true,,66817,162,43,146,http://fargatelb-459321754.us-east-1.elb.amazonaws.com/image2.jpg,,200,ISO-8859-1,1,0,DESKTOP-JMD9GU4,0,0
1688658315201,18068,/image3.jpg,200,OK,Static 1-39,bin,true,,345780,162,43,144,http://fargatelb-459321754.us-east-1.elb.amazonaws.com/image3.jpg,,701,ISO-8859-1,1,0,DESKTOP-JMD9GU4,0,0
1688658317147,16187,/image3.jpg,200,OK,Static 1-11,bin,true,,345780,162,43,144,http://fargatelb-459321754.us-east-1.elb.amazonaws.com/image3.jpg,,465,ISO-8859-1,1,0,DESKTOP-JMD9GU4,0,0
1688658330006,3383,/image2.jpg,200,OK,Static 1-47,bin,true,,66817,162,43,144,http://fargatelb-459321754.us-east-1.elb.amazonaws.com/image2.jpg,,1317,ISO-8859-1,1,0,DESKTOP-JMD9GU4,0,0
1688658332087,1420,/image1.jpg,200,OK,Static 1-20,bin,true,,72406,162,43,144,http://fargatelb-459321754.us-east-1.elb.amazonaws.com/image1.jpg,,198,ISO-8859-1,1,0,DESKTOP-JMD9GU4,0,0
1688658309696,23874,/image3.jpg,200,OK,Static 1-25,bin,true,,345780,162,42,142,http://fargatelb-459321754.us-east-1.elb.amazonaws.com/image3.jpg,,1634,ISO-8859-1,1,0,DESKTOP-JMD9GU4,0,0
1688658303587,30158,/image3.jpg,200,OK,Static 1-24,bin,true,,345780,162,42,139,http://fargatelb-459321754.us-east-1.elb.amazonaws.com/image3.jpg,,210,ISO-8859-1,1,0,DESKTOP-JMD9GU4,0,0
1688658329756,4020,/image1.jpg,200,OK,Static 1-13,bin,true,,72406,162,42,139,http://fargatelb-459321754.us-east-1.elb.amazonaws.com/image1.jpg,,247,ISO-8859-1,1,0,DESKTOP-JMD9GU4,0,0
1688658330098,3681,/image2.jpg,200,OK,Static 1-4,bin,true,,66817,162,41,138,http://fargatelb-459321754.us-east-1.elb.amazonaws.com/image2.jpg,,414,ISO-8859-1,1,0,DESKTOP-JMD9GU4,0,0
1688658332673,1178,/image2.jpg,200,OK,Static 1-44,bin,true,,66817,162,41,136,http://fargatelb-459321754.us-east-1.elb.amazonaws.com/image2.jpg,,199,ISO-8859-1,1,0,DESKTOP-JMD9GU4,0,0
1688658332845,1522,/image2.jpg,200,OK,Static 1-34,bin,true,,66817,162,41,131,http://fargatelb-459321754.us-east-1.elb.amazonaws.com/image2.jpg,,206,ISO-8859-1,1,0,DESKTOP-JMD9GU4,0,0
1688658332401,2111,/image2.jpg,200,OK,Static 1-15,bin,true,,66817,162,41,125,http://fargatelb-459321754.us-east-1.elb.amazonaws.com/image2.jpg,,425,ISO-8859-1,1,0,DESKTOP-JMD9GU4,0,0
1688658333269,1295,/image2.jpg,200,OK,Static 1-39,bin,true,,66817,162,41,125,http://fargatelb-459321754.us-east-1.elb.amazonaws.com/image2.jpg,,203,ISO-8859-1,1,0,DESKTOP-JMD9GU4,0,0
1688658310962,23622,/image3.jpg,200,OK,Static 1-53,bin,true,,345780,162,41,125,http://fargatelb-459321754.us-east-1.elb.amazonaws.com/image3.jpg,,412,ISO-8859-1,1,0,DESKTOP-JMD9GU4,0,0
1688658301670,33058,/image3.jpg,200,OK,Static 1-12,bin,true,,345780,162,41,124,http://fargatelb-459321754.us-east-1.elb.amazonaws.com/image3.jpg,,406,ISO-8859-1,1,0,DESKTOP-JMD9GU4,0,0
1688658299884,34885,/image3.jpg,200,OK,Static 1-27,bin,true,,345780,162,41,124,http://fargatelb-459321754.us-east-1.elb.amazonaws.com/image3.jpg,,590,ISO-8859-1,1,0,DESKTOP-JMD9GU4,0,0
1688658333569,1271,/image2.jpg,200,OK,Static 1-25,bin,true,,66817,162,41,122,http://fargatelb-459321754.us-east-1.elb.amazonaws.com/image2.jpg,,207,ISO-8859-1,1,0,DESKTOP-JMD9GU4,0,0
1688658333745,1137,/image2.jpg,200,OK,Static 1-24,bin,true,,66817,162,41,122,http://fargatelb-459321754.us-east-1.elb.amazonaws.com/image2.jpg,,212,ISO-8859-1,1,0,DESKTOP-JMD9GU4,0,0
1688658333851,1087,/image1.jpg,200,OK,Static 1-44,bin,true,,72406,162,41,122,http://fargatelb-459321754.us-east-1.elb.amazonaws.com/image1.jpg,,303,ISO-8859-1,1,0,DESKTOP-JMD9GU4,0,0
1688658333096,1853,/image1.jpg,200,OK,Static 1-36,bin,true,,72406,162,40,121,http://fargatelb-459321754.us-east-1.elb.amazonaws.com/image1.jpg,,200,ISO-8859-1,1,0,DESKTOP-JMD9GU4,0,0
1688658333389,1598,/image1.jpg,200,OK,Static 1-47,bin,true,,72406,162,39,118,http://fargatelb-459321754.us-east-1.elb.amazonaws.com/image1.jpg,,218,ISO-8859-1,1,0,DESKTOP-JMD9GU4,0,0
1688658304915,30125,/image3.jpg,200,OK,Static 1-9,bin,true,,345780,162,38,117,http://fargatelb-459321754.us-east-1.elb.amazonaws.com/image3.jpg,,404,ISO-8859-1,1,0,DESKTOP-JMD9GU4,0,0
1688658333779,1332,/image1.jpg,200,OK,Static 1-4,bin,true,,72406,162,38,117,http://fargatelb-459321754.us-east-1.elb.amazonaws.com/image1.jpg,,461,ISO-8859-1,1,0,DESKTOP-JMD9GU4,0,252
1688658332820,2381,/image1.jpg,200,OK,Static 1-5,bin,true,,72406,162,37,114,http://fargatelb-459321754.us-east-1.elb.amazonaws.com/image1.jpg,,415,ISO-8859-1,1,0,DESKTOP-JMD9GU4,0,0
1688658333334,1878,/image2.jpg,200,OK,Static 1-11,bin,true,,66817,162,36,113,http://fargatelb-459321754.us-east-1.elb.amazonaws.com/image2.jpg,,405,ISO-8859-1,1,0,DESKTOP-JMD9GU4,0,0
1688658320146,15094,/image3.jpg,200,OK,Static 1-51,bin,true,,345780,162,36,113,http://fargatelb-459321754.us-east-1.elb.amazonaws.com/image3.jpg,,790,ISO-8859-1,1,0,DESKTOP-JMD9GU4,0,0
1688658319265,15977,/image3.jpg,200,OK,Static 1-28,bin,true,,345780,162,36,113,http://fargatelb-459321754.us-east-1.elb.amazonaws.com/image3.jpg,,405,ISO-8859-1,1,0,DESKTOP-JMD9GU4,0,0
1688658315393,19984,/image3.jpg,200,OK,Static 1-46,bin,true,,345780,162,36,111,http://fargatelb-459321754.us-east-1.elb.amazonaws.com/image3.jpg,,605,ISO-8859-1,1,0,DESKTOP-JMD9GU4,0,0
1688658332753,2666,/image2.jpg,200,OK,Static 1-43,bin,true,,66817,162,36,110,http://fargatelb-459321754.us-east-1.elb.amazonaws.com/image2.jpg,,484,ISO-8859-1,1,0,DESKTOP-JMD9GU4,0,0
1688658318925,16651,/image3.jpg,200,OK,Static 1-18,bin,true,,345780,162,36,107,http://fargatelb-459321754.us-east-1.elb.amazonaws.com/image3.jpg,,707,ISO-8859-1,1,0,DESKTOP-JMD9GU4,0,0
1688658332817,2810,/image1.jpg,200,OK,Static 1-41,bin,true,,72406,162,36,107,http://fargatelb-459321754.us-east-1.elb.amazonaws.com/image1.jpg,,477,ISO-8859-1,1,0,DESKTOP-JMD9GU4,0,0
1688658325358,10279,/image3.jpg,200,OK,Static 1-26,bin,true,,345780,162,35,106,http://fargatelb-459321754.us-east-1.elb.amazonaws.com/image3.jpg,,471,ISO-8859-1,1,0,DESKTOP-JMD9GU4,0,0
1688658334583,1213,/image2.jpg,200,OK,Static 1-53,bin,true,,66817,162,35,104,http://fargatelb-459321754.us-east-1.elb.amazonaws.com/image2.jpg,,408,ISO-8859-1,1,0,DESKTOP-JMD9GU4,0,201
1688658334512,1318,/image1.jpg,200,OK,Static 1-15,bin,true,,72406,162,35,104,http://fargatelb-459321754.us-east-1.elb.amazonaws.com/image1.jpg,,428,ISO-8859-1,1,0,DESKTOP-JMD9GU4,0,212
1688658334564,1285,/image1.jpg,200,OK,Static 1-39,bin,true,,72406,162,34,102,http://fargatelb-459321754.us-east-1.elb.amazonaws.com/image1.jpg,,415,ISO-8859-1,1,0,DESKTOP-JMD9GU4,0,207
1688658318610,17261,/image3.jpg,200,OK,Static 1-45,bin,true,,345780,162,33,101,http://fargatelb-459321754.us-east-1.elb.amazonaws.com/image3.jpg,,201,ISO-8859-1,1,0,DESKTOP-JMD9GU4,0,0
1688658334769,1210,/image2.jpg,200,OK,Static 1-27,bin,true,,66817,162,33,98,http://fargatelb-459321754.us-east-1.elb.amazonaws.com/image2.jpg,,406,ISO-8859-1,1,0,DESKTOP-JMD9GU4,0,202
1688658334728,1267,/image2.jpg,200,OK,Static 1-12,bin,true,,66817,162,33,98,http://fargatelb-459321754.us-east-1.elb.amazonaws.com/image2.jpg,,424,ISO-8859-1,1,0,DESKTOP-JMD9GU4,0,211
1688658319960,16040,/image3.jpg,200,OK,Static 1-10,bin,true,,345780,162,33,98,http://fargatelb-459321754.us-east-1.elb.amazonaws.com/image3.jpg,,469,ISO-8859-1,1,0,DESKTOP-JMD9GU4,0,0
1688658334367,1678,/image1.jpg,200,OK,Static 1-34,bin,true,,72406,162,33,97,http://fargatelb-459321754.us-east-1.elb.amazonaws.com/image1.jpg,,632,ISO-8859-1,1,0,DESKTOP-JMD9GU4,0,209
1688658334882,1221,/image1.jpg,200,OK,Static 1-24,bin,true,,72406,162,32,96,http://fargatelb-459321754.us-east-1.elb.amazonaws.com/image1.jpg,,398,ISO-8859-1,1,0,DESKTOP-JMD9GU4,0,196
1688658334840,1307,/image1.jpg,200,OK,Static 1-25,bin,true,,72406,162,31,95,http://fargatelb-459321754.us-east-1.elb.amazonaws.com/image1.jpg,,424,ISO-8859-1,1,0,DESKTOP-JMD9GU4,0,210
1688658321358,14866,/image3.jpg,200,OK,Static 1-48,bin,true,,345780,162,30,94,http://fargatelb-459321754.us-east-1.elb.amazonaws.com/image3.jpg,,1800,ISO-8859-1,1,0,DESKTOP-JMD9GU4,0,0
1688658335240,1195,/image2.jpg,200,OK,Static 1-51,bin,true,,66817,162,30,89,http://fargatelb-459321754.us-east-1.elb.amazonaws.com/image2.jpg,,403,ISO-8859-1,1,0,DESKTOP-JMD9GU4,0,198
1688658312606,23977,/image3.jpg,200,OK,Static 1-38,bin,true,,345780,162,30,87,http://fargatelb-459321754.us-east-1.elb.amazonaws.com/image3.jpg,,684,ISO-8859-1,1,0,DESKTOP-JMD9GU4,0,0
1688658335419,1290,/image1.jpg,200,OK,Static 1-43,bin,true,,72406,162,30,87,http://fargatelb-459321754.us-east-1.elb.amazonaws.com/image1.jpg,,417,ISO-8859-1,1,0,DESKTOP-JMD9GU4,0,209
1688658335058,1833,/image2.jpg,200,OK,Static 1-9,bin,true,,66817,162,29,85,http://fargatelb-459321754.us-east-1.elb.amazonaws.com/image2.jpg,,592,ISO-8859-1,1,0,DESKTOP-JMD9GU4,0,197
1688658335242,1708,/image2.jpg,200,OK,Static 1-28,bin,true,,66817,162,29,84,http://fargatelb-459321754.us-east-1.elb.amazonaws.com/image2.jpg,,415,ISO-8859-1,1,0,DESKTOP-JMD9GU4,0,206
1688658335979,1004,/image1.jpg,200,OK,Static 1-27,bin,true,,72406,162,29,84,http://fargatelb-459321754.us-east-1.elb.amazonaws.com/image1.jpg,,203,ISO-8859-1,1,0,DESKTOP-JMD9GU4,0,0
1688658335871,1299,/image2.jpg,200,OK,Static 1-45,bin,true,,66817,162,28,83,http://fargatelb-459321754.us-east-1.elb.amazonaws.com/image2.jpg,,418,ISO-8859-1,1,0,DESKTOP-JMD9GU4,0,206
1688658335212,2003,/image1.jpg,200,OK,Static 1-11,bin,true,,72406,162,28,83,http://fargatelb-459321754.us-east-1.elb.amazonaws.com/image1.jpg,,413,ISO-8859-1,1,0,DESKTOP-JMD9GU4,0,205
1688658335576,1662,/image2.jpg,200,OK,Static 1-18,bin,true,,66817,162,27,82,http://fargatelb-459321754.us-east-1.elb.amazonaws.com/image2.jpg,,419,ISO-8859-1,1,0,DESKTOP-JMD9GU4,0,209
1688658335796,1620,/image1.jpg,200,OK,Static 1-53,bin,true,,72406,162,27,81,http://fargatelb-459321754.us-east-1.elb.amazonaws.com/image1.jpg,,206,ISO-8859-1,1,0,DESKTOP-JMD9GU4,0,0
1688658319866,17590,/image3.jpg,200,OK,Static 1-49,bin,true,,345780,162,26,80,http://fargatelb-459321754.us-east-1.elb.amazonaws.com/image3.jpg,,1676,ISO-8859-1,1,0,DESKTOP-JMD9GU4,0,0
1688658336224,1274,/image2.jpg,200,OK,Static 1-48,bin,true,,66817,162,26,80,http://fargatelb-459321754.us-east-1.elb.amazonaws.com/image2.jpg,,424,ISO-8859-1,1,0,DESKTOP-JMD9GU4,0,209
1688658335995,1634,/image1.jpg,200,OK,Static 1-12,bin,true,,72406,162,26,79,http://fargatelb-459321754.us-east-1.elb.amazonaws.com/image1.jpg,,217,ISO-8859-1,1,0,DESKTOP-JMD9GU4,0,0
1688658336582,1259,/image2.jpg,200,OK,Static 1-38,bin,true,,66817,162,25,76,http://fargatelb-459321754.us-east-1.elb.amazonaws.com/image2.jpg,,395,ISO-8859-1,1,0,DESKTOP-JMD9GU4,0,196
1688658275796,62135,/index.css,200,OK,Static 1-8,text,true,,195718,161,25,76,http://fargatelb-459321754.us-east-1.elb.amazonaws.com/index.css,,415,ISO-8859-1,1,0,DESKTOP-JMD9GU4,0,0
1688658320740,17206,/image3.jpg,200,OK,Static 1-52,bin,true,,345780,162,25,76,http://fargatelb-459321754.us-east-1.elb.amazonaws.com/image3.jpg,,638,ISO-8859-1,1,0,DESKTOP-JMD9GU4,0,0
1688658335377,2743,/image2.jpg,200,OK,Static 1-46,bin,true,,66817,162,25,76,http://fargatelb-459321754.us-east-1.elb.amazonaws.com/image2.jpg,,427,ISO-8859-1,1,0,DESKTOP-JMD9GU4,0,211
1688658336891,1259,/image1.jpg,200,OK,Static 1-9,bin,true,,72406,162,25,76,http://fargatelb-459321754.us-east-1.elb.amazonaws.com/image1.jpg,,249,ISO-8859-1,1,0,DESKTOP-JMD9GU4,0,0
1688658336950,1231,/image1.jpg,200,OK,Static 1-28,bin,true,,72406,162,24,75,http://fargatelb-459321754.us-east-1.elb.amazonaws.com/image1.jpg,,265,ISO-8859-1,1,0,DESKTOP-JMD9GU4,0,0
1688658337170,1042,/image1.jpg,200,OK,Static 1-45,bin,true,,72406,162,23,74,http://fargatelb-459321754.us-east-1.elb.amazonaws.com/image1.jpg,,208,ISO-8859-1,1,0,DESKTOP-JMD9GU4,0,0
1688658326416,11889,/image3.jpg,200,OK,Static 1-30,bin,true,,345780,162,22,71,http://fargatelb-459321754.us-east-1.elb.amazonaws.com/image3.jpg,,902,ISO-8859-1,1,0,DESKTOP-JMD9GU4,0,0
1688658336435,1957,/image1.jpg,200,OK,Static 1-51,bin,true,,72406,162,22,71,http://fargatelb-459321754.us-east-1.elb.amazonaws.com/image1.jpg,,201,ISO-8859-1,1,0,DESKTOP-JMD9GU4,0,0
1688658275939,62605,/index.css,Non HTTP response code: org.apache.http.ConnectionClosedException,"Non HTTP response message: Premature end of Content-Length delimited message body (expected: 195,432; received: 127,182)",Static 1-7,text,false,,1333,0,21,69,http://fargatelb-459321754.us-east-1.elb.amazonaws.com/index.css,,268,ISO-8859-1,1,1,DESKTOP-JMD9GU4,0,0
1688658337498,1115,/image1.jpg,200,OK,Static 1-48,bin,true,,72406,162,21,68,http://fargatelb-459321754.us-east-1.elb.amazonaws.com/image1.jpg,,234,ISO-8859-1,1,0,DESKTOP-JMD9GU4,0,0
1688658336001,2639,/image2.jpg,200,OK,Static 1-10,bin,true,,66817,162,20,67,http://fargatelb-459321754.us-east-1.elb.amazonaws.com/image2.jpg,,405,ISO-8859-1,1,0,DESKTOP-JMD9GU4,0,202
1688658337456,1339,/image2.jpg,200,OK,Static 1-49,bin,true,,66817,162,20,64,http://fargatelb-459321754.us-east-1.elb.amazonaws.com/image2.jpg,,481,ISO-8859-1,1,0,DESKTOP-JMD9GU4,0,276
1688658328706,10095,/image3.jpg,200,OK,Static 1-29,bin,true,,345780,162,20,64,http://fargatelb-459321754.us-east-1.elb.amazonaws.com/image3.jpg,,454,ISO-8859-1,1,0,DESKTOP-JMD9GU4,0,0
1688658337841,979,/image1.jpg,200,OK,Static 1-38,bin,true,,72406,162,20,64,http://fargatelb-459321754.us-east-1.elb.amazonaws.com/image1.jpg,,198,ISO-8859-1,1,0,DESKTOP-JMD9GU4,0,0
1688658318340,20510,/image3.jpg,200,OK,Static 1-17,bin,true,,345780,162,19,62,http://fargatelb-459321754.us-east-1.elb.amazonaws.com/image3.jpg,,704,ISO-8859-1,1,0,DESKTOP-JMD9GU4,0,0
1688658337238,1788,/image1.jpg,200,OK,Static 1-18,bin,true,,72406,162,19,62,http://fargatelb-459321754.us-east-1.elb.amazonaws.com/image1.jpg,,494,ISO-8859-1,1,0,DESKTOP-JMD9GU4,0,0
1688658337946,1230,/image2.jpg,200,OK,Static 1-52,bin,true,,66817,162,18,60,http://fargatelb-459321754.us-east-1.elb.amazonaws.com/image2.jpg,,447,ISO-8859-1,1,0,DESKTOP-JMD9GU4,0,248
1688658338120,1111,/image1.jpg,200,OK,Static 1-46,bin,true,,72406,162,18,60,http://fargatelb-459321754.us-east-1.elb.amazonaws.com/image1.jpg,,216,ISO-8859-1,1,0,DESKTOP-JMD9GU4,0,0
1688658335636,3655,/image2.jpg,200,OK,Static 1-26,bin,true,,66817,162,17,55,http://fargatelb-459321754.us-east-1.elb.amazonaws.com/image2.jpg,,406,ISO-8859-1,1,0,DESKTOP-JMD9GU4,0,202
1688658338304,1244,/image2.jpg,200,OK,Static 1-30,bin,true,,66817,162,17,53,http://fargatelb-459321754.us-east-1.elb.amazonaws.com/image2.jpg,,416,ISO-8859-1,1,0,DESKTOP-JMD9GU4,0,207
1688658338795,1004,/image1.jpg,200,OK,Static 1-49,bin,true,,72406,162,17,53,http://fargatelb-459321754.us-east-1.elb.amazonaws.com/image1.jpg,,204,ISO-8859-1,1,0,DESKTOP-JMD9GU4,0,0
1688658338800,1177,/image2.jpg,200,OK,Static 1-29,bin,true,,66817,162,16,52,http://fargatelb-459321754.us-east-1.elb.amazonaws.com/image2.jpg,,393,ISO-8859-1,1,0,DESKTOP-JMD9GU4,0,196
1688658339176,983,/image1.jpg,200,OK,Static 1-52,bin,true,,72406,162,16,52,http://fargatelb-459321754.us-east-1.elb.amazonaws.com/image1.jpg,,200,ISO-8859-1,1,0,DESKTOP-JMD9GU4,0,0
1688658274523,65678,/index.js,200,OK,Static 1-35,text,true,,161868,160,15,51,http://fargatelb-459321754.us-east-1.elb.amazonaws.com/index.js,,208,ISO-8859-1,1,0,DESKTOP-JMD9GU4,0,0
1688658338850,1476,/image2.jpg,200,OK,Static 1-17,bin,true,,66817,162,15,49,http://fargatelb-459321754.us-east-1.elb.amazonaws.com/image2.jpg,,428,ISO-8859-1,1,0,DESKTOP-JMD9GU4,0,211
1688658278289,62130,/index.css,200,OK,Static 1-42,text,true,,195718,161,15,49,http://fargatelb-459321754.us-east-1.elb.amazonaws.com/index.css,,2647,ISO-8859-1,1,0,DESKTOP-JMD9GU4,0,0
1688658339548,1032,/image1.jpg,200,OK,Static 1-30,bin,true,,72406,162,15,49,http://fargatelb-459321754.us-east-1.elb.amazonaws.com/image1.jpg,,210,ISO-8859-1,1,0,DESKTOP-JMD9GU4,0,0
1688658338640,1940,/image1.jpg,200,OK,Static 1-10,bin,true,,72406,162,14,48,http://fargatelb-459321754.us-east-1.elb.amazonaws.com/image1.jpg,,202,ISO-8859-1,1,0,DESKTOP-JMD9GU4,0,0
1688658339291,1407,/image1.jpg,200,OK,Static 1-26,bin,true,,72406,162,13,47,http://fargatelb-459321754.us-east-1.elb.amazonaws.com/image1.jpg,,205,ISO-8859-1,1,0,DESKTOP-JMD9GU4,0,0
1688658339978,981,/image1.jpg,200,OK,Static 1-29,bin,true,,72406,162,12,46,http://fargatelb-459321754.us-east-1.elb.amazonaws.com/image1.jpg,,201,ISO-8859-1,1,0,DESKTOP-JMD9GU4,0,0
1688658340328,1262,/image1.jpg,200,OK,Static 1-17,bin,true,,72406,162,11,45,http://fargatelb-459321754.us-east-1.elb.amazonaws.com/image1.jpg,,213,ISO-8859-1,1,0,DESKTOP-JMD9GU4,0,0
1688658337931,3856,/image3.jpg,200,OK,Static 1-8,bin,true,,345780,162,10,44,http://fargatelb-459321754.us-east-1.elb.amazonaws.com/image3.jpg,,477,ISO-8859-1,1,0,DESKTOP-JMD9GU4,0,263
1688658341788,417,/image2.jpg,200,OK,Static 1-8,bin,true,,66817,162,10,44,http://fargatelb-459321754.us-east-1.elb.amazonaws.com/image2.jpg,,208,ISO-8859-1,1,0,DESKTOP-JMD9GU4,0,0
1688658276789,65426,/index.css,200,OK,Static 1-40,text,true,,195718,161,10,44,http://fargatelb-459321754.us-east-1.elb.amazonaws.com/index.css,,1630,ISO-8859-1,1,0,DESKTOP-JMD9GU4,0,0
1688658342205,418,/image1.jpg,200,OK,Static 1-8,bin,true,,72406,162,10,44,http://fargatelb-459321754.us-east-1.elb.amazonaws.com/image1.jpg,,210,ISO-8859-1,1,0,DESKTOP-JMD9GU4,0,0
1688658340202,2623,/index.css,200,OK,Static 1-35,text,true,,195718,161,9,43,http://fargatelb-459321754.us-east-1.elb.amazonaws.com/index.css,,409,ISO-8859-1,1,0,DESKTOP-JMD9GU4,0,202
1688658338544,4979,/image3.jpg,200,OK,Static 1-7,bin,true,,345780,162,9,43,http://fargatelb-459321754.us-east-1.elb.amazonaws.com/image3.jpg,,406,ISO-8859-1,1,0,DESKTOP-JMD9GU4,0,201
1688658343524,813,/image2.jpg,200,OK,Static 1-7,bin,true,,66817,162,9,43,http://fargatelb-459321754.us-east-1.elb.amazonaws.com/image2.jpg,,203,ISO-8859-1,1,0,DESKTOP-JMD9GU4,0,0
1688658340420,3980,/image3.jpg,200,OK,Static 1-42,bin,true,,345780,162,9,42,http://fargatelb-459321754.us-east-1.elb.amazonaws.com/image3.jpg,,437,ISO-8859-1,1,0,DESKTOP-JMD9GU4,0,217
1688658344400,436,/image2.jpg,200,OK,Static 1-42,bin,true,,66817,162,9,42,http://fargatelb-459321754.us-east-1.elb.amazonaws.com/image2.jpg,,218,ISO-8859-1,1,0,DESKTOP-JMD9GU4,0,0
1688658344337,808,/image1.jpg,200,OK,Static 1-7,bin,true,,72406,162,9,42,http://fargatelb-459321754.us-east-1.elb.amazonaws.com/image1.jpg,,204,ISO-8859-1,1,0,DESKTOP-JMD9GU4,0,0
1688658344835,496,/image1.jpg,200,OK,Static 1-42,bin,true,,72406,162,8,41,http://fargatelb-459321754.us-east-1.elb.amazonaws.com/image1.jpg,,220,ISO-8859-1,1,0,DESKTOP-JMD9GU4,0,0
1688658342216,3896,/image3.jpg,200,OK,Static 1-40,bin,true,,345780,162,7,32,http://fargatelb-459321754.us-east-1.elb.amazonaws.com/image3.jpg,,406,ISO-8859-1,1,0,DESKTOP-JMD9GU4,0,202
1688658346112,453,/image2.jpg,200,OK,Static 1-40,bin,true,,66817,162,7,31,http://fargatelb-459321754.us-east-1.elb.amazonaws.com/image2.jpg,,246,ISO-8859-1,1,0,DESKTOP-JMD9GU4,0,0
1688658342825,3891,/image3.jpg,200,OK,Static 1-35,bin,true,,345780,162,7,31,http://fargatelb-459321754.us-east-1.elb.amazonaws.com/image3.jpg,,203,ISO-8859-1,1,0,DESKTOP-JMD9GU4,0,0
1688658346565,404,/image1.jpg,200,OK,Static 1-40,bin,true,,72406,162,7,30,http://fargatelb-459321754.us-east-1.elb.amazonaws.com/image1.jpg,,203,ISO-8859-1,1,0,DESKTOP-JMD9GU4,0,0
1688658346726,815,/image2.jpg,200,OK,Static 1-35,bin,true,,66817,162,6,28,http://fargatelb-459321754.us-east-1.elb.amazonaws.com/image2.jpg,,204,ISO-8859-1,1,0,DESKTOP-JMD9GU4,0,0
1688658277327,70876,/index.css,200,OK,Static 1-19,text,true,,195718,161,6,24,http://fargatelb-459321754.us-east-1.elb.amazonaws.com/index.css,,242,ISO-8859-1,1,0,DESKTOP-JMD9GU4,0,0
1688658347541,809,/image1.jpg,200,OK,Static 1-35,bin,true,,72406,162,6,23,http://fargatelb-459321754.us-east-1.elb.amazonaws.com/image1.jpg,,205,ISO-8859-1,1,0,DESKTOP-JMD9GU4,0,0
1688658276206,75500,/index.css,200,OK,Static 1-21,text,true,,195718,161,5,18,http://fargatelb-459321754.us-east-1.elb.amazonaws.com/index.css,,214,ISO-8859-1,1,0,DESKTOP-JMD9GU4,0,0
1688658348203,5033,/image3.jpg,200,OK,Static 1-19,bin,true,,345780,162,5,14,http://fargatelb-459321754.us-east-1.elb.amazonaws.com/image3.jpg,,423,ISO-8859-1,1,0,DESKTOP-JMD9GU4,0,210
1688658353237,855,/image2.jpg,200,OK,Static 1-19,bin,true,,66817,162,5,14,http://fargatelb-459321754.us-east-1.elb.amazonaws.com/image2.jpg,,214,ISO-8859-1,1,0,DESKTOP-JMD9GU4,0,0
1688658354092,842,/image1.jpg,200,OK,Static 1-19,bin,true,,72406,162,5,13,http://fargatelb-459321754.us-east-1.elb.amazonaws.com/image1.jpg,,213,ISO-8859-1,1,0,DESKTOP-JMD9GU4,0,0
1688658280139,75242,/index.css,200,OK,Static 1-37,text,true,,195718,161,4,12,http://fargatelb-459321754.us-east-1.elb.amazonaws.com/index.css,,1356,ISO-8859-1,1,0,DESKTOP-JMD9GU4,0,0
1688658351706,3874,/image3.jpg,200,OK,Static 1-21,bin,true,,345780,162,4,12,http://fargatelb-459321754.us-east-1.elb.amazonaws.com/image3.jpg,,424,ISO-8859-1,1,0,DESKTOP-JMD9GU4,0,210
1688658355580,426,/image2.jpg,200,OK,Static 1-21,bin,true,,66817,162,4,12,http://fargatelb-459321754.us-east-1.elb.amazonaws.com/image2.jpg,,213,ISO-8859-1,1,0,DESKTOP-JMD9GU4,0,0
1688658356006,453,/image1.jpg,200,OK,Static 1-21,bin,true,,72406,162,4,11,http://fargatelb-459321754.us-east-1.elb.amazonaws.com/image1.jpg,,212,ISO-8859-1,1,0,DESKTOP-JMD9GU4,0,0
1688658355381,3698,/image3.jpg,200,OK,Static 1-37,bin,true,,345780,162,3,7,http://fargatelb-459321754.us-east-1.elb.amazonaws.com/image3.jpg,,416,ISO-8859-1,1,0,DESKTOP-JMD9GU4,0,206
1688658359080,416,/image2.jpg,200,OK,Static 1-37,bin,true,,66817,162,3,7,http://fargatelb-459321754.us-east-1.elb.amazonaws.com/image2.jpg,,208,ISO-8859-1,1,0,DESKTOP-JMD9GU4,0,0
1688658359496,418,/image1.jpg,200,OK,Static 1-37,bin,true,,72406,162,3,7,http://fargatelb-459321754.us-east-1.elb.amazonaws.com/image1.jpg,,211,ISO-8859-1,1,0,DESKTOP-JMD9GU4,0,0
1688658275790,177246,/index.css,Non HTTP response code: java.net.SocketException,Non HTTP response message: Connection reset,Static 1-14,text,false,,1531,0,2,4,http://fargatelb-459321754.us-east-1.elb.amazonaws.com/index.css,,207,ISO-8859-1,1,1,DESKTOP-JMD9GU4,0,0
1688658453038,2791,/image3.jpg,Non HTTP response code: java.net.SocketException,Non HTTP response message: socket closed,Static 1-14,text,false,,1646,0,2,4,http://fargatelb-459321754.us-east-1.elb.amazonaws.com/image3.jpg,,457,ISO-8859-1,1,1,DESKTOP-JMD9GU4,0,241
1688658279460,176368,/index.css,Non HTTP response code: java.net.SocketException,Non HTTP response message: Socket closed,Static 1-23,text,false,,1646,0,2,4,http://fargatelb-459321754.us-east-1.elb.amazonaws.com/index.css,,13784,ISO-8859-1,1,1,DESKTOP-JMD9GU4,0,0
